<?xml version="1.0" encoding="UTF-8"?>
<project-private xmlns="http://www.netbeans.org/ns/project-private/1">
    <editor-bookmarks xmlns="http://www.netbeans.org/ns/editor-bookmarks/2" lastBookmarkId="0"/>
    <open-files xmlns="http://www.netbeans.org/ns/projectui-open-files/2">
        <group>
            <file>file:/C:/Users/Gabriela/Desktop/Trabalho%204/CadastroBD/src/cadastrobd/CadastroBD.java</file>
            <file>file:/C:/Users/Gabriela/Desktop/Trabalho%204/CadastroBD/src/cadastrobd/model/PessoaFisica.java</file>
            <file>file:/C:/Users/Gabriela/Desktop/Trabalho%204/CadastroBD/src/cadastro/model/util/ConectorBD.java</file>
            <file>file:/C:/Users/Gabriela/Desktop/Trabalho%204/CadastroBD/src/cadastrobd/model/pessoa.java</file>
            <file>file:/C:/Users/Gabriela/Desktop/Trabalho%204/CadastroBD/src/cadastrobd/model/PessoaJuridica.java</file>
            <file>file:/C:/Users/Gabriela/Desktop/Trabalho%204/CadastroBD/src/cadastro/model/util/SequenceManager.java</file>
            <file>file:/C:/Users/Gabriela/Desktop/Trabalho%204/CadastroBD/src/cadastro/model/util/PessoaJuridicaDAO.java</file>
            <file>file:/C:/Users/Gabriela/Desktop/Trabalho%204/CadastroBD/src/cadastro/model/util/PessoaFisicaDAO.java</file>
            <file>file:/C:/Users/Gabriela/Desktop/Trabalho%204/CadastroBD/src/cadastro/model/util/CadastroBDTeste.java</file>
        </group>
    </open-files>
</project-private>
